{
  "annotations": {
    "list": []
  },
  "editable": true,
  "gnetId": null,
  "graphTooltip": 0,
  "hideControls": false,
  "id": 1,
  "links": [],
  "rows": [
    {
      "collapse": false,
      "height": 207,
      "panels": [
        {
          "aliasColors": {},
          "bars": false,
          "dashLength": 10,
          "dashes": false,
          "datasource": null,
          "fill": 1,
          "id": 17,
          "legend": {
            "avg": false,
            "current": false,
            "hideZero": true,
            "max": false,
            "min": false,
            "show": true,
            "total": false,
            "values": false
          },
          "lines": true,
          "linewidth": 1,
          "links": [],
          "nullPointMode": "null",
          "percentage": false,
          "pointradius": 5,
          "points": false,
          "renderer": "flot",
          "seriesOverrides": [],
          "spaceLength": 10,
          "span": 4,
          "stack": false,
          "steppedLine": false,
          "targets": [
            {
              "expr": "sum(arangosync_mq_received) by (dc,mqtype,result)",
              "format": "time_series",
              "interval": "",
              "intervalFactor": 2,
              "legendFormat": "DC-{{dc}} {{mqtype}} {{result}}",
              "refId": "A",
              "step": 40
            }
          ],
          "thresholds": [],
          "timeFrom": null,
          "timeShift": null,
          "title": "MQ Receive requests",
          "tooltip": {
            "shared": true,
            "sort": 0,
            "value_type": "individual"
          },
          "type": "graph",
          "xaxis": {
            "buckets": null,
            "mode": "time",
            "name": null,
            "show": true,
            "values": []
          },
          "yaxes": [
            {
              "format": "short",
              "label": null,
              "logBase": 1,
              "max": null,
              "min": null,
              "show": true
            },
            {
              "format": "short",
              "label": null,
              "logBase": 1,
              "max": null,
              "min": null,
              "show": true
            }
          ]
        },
        {
          "aliasColors": {},
          "bars": false,
          "dashLength": 10,
          "dashes": false,
          "datasource": null,
          "fill": 1,
          "id": 18,
          "legend": {
            "avg": false,
            "current": false,
            "hideZero": true,
            "max": false,
            "min": false,
            "show": true,
            "total": false,
            "values": false
          },
          "lines": true,
          "linewidth": 1,
          "links": [],
          "nullPointMode": "null",
          "percentage": false,
          "pointradius": 5,
          "points": false,
          "renderer": "flot",
          "seriesOverrides": [],
          "spaceLength": 10,
          "span": 4,
          "stack": false,
          "steppedLine": false,
          "targets": [
            {
              "expr": "sum(arangosync_mq_received{result=\"failure\"}) by (dc, detail, mqtype)",
              "format": "time_series",
              "interval": "",
              "intervalFactor": 2,
              "legendFormat": "DC-{{dc}} {{mqtype}} {{detail}}",
              "refId": "A",
              "step": 60
            }
          ],
          "thresholds": [],
          "timeFrom": null,
          "timeShift": null,
          "title": "MQ Receive failures",
          "tooltip": {
            "shared": true,
            "sort": 0,
            "value_type": "individual"
          },
          "type": "graph",
          "xaxis": {
            "buckets": null,
            "mode": "time",
            "name": null,
            "show": true,
            "values": []
          },
          "yaxes": [
            {
              "format": "short",
              "label": null,
              "logBase": 1,
              "max": null,
              "min": null,
              "show": true
            },
            {
              "format": "short",
              "label": null,
              "logBase": 1,
              "max": null,
              "min": null,
              "show": true
            }
          ]
        },
        {
          "aliasColors": {},
          "bars": false,
          "dashLength": 10,
          "dashes": false,
          "datasource": null,
          "fill": 1,
          "id": 19,
          "legend": {
            "avg": false,
            "current": false,
            "hideZero": true,
            "max": false,
            "min": false,
            "show": false,
            "total": false,
            "values": false
          },
          "lines": true,
          "linewidth": 1,
          "links": [],
          "nullPointMode": "null",
          "percentage": false,
          "pointradius": 5,
          "points": false,
          "renderer": "flot",
          "seriesOverrides": [],
          "spaceLength": 10,
          "span": 4,
          "stack": false,
          "steppedLine": false,
          "targets": [
            {
              "expr": "arangosync_mq_received",
              "format": "time_series",
              "interval": "",
              "intervalFactor": 2,
              "legendFormat": "DC-{{dc}} {{type}}-{{instance}} {{mqtype}} {{result}}",
              "refId": "A",
              "step": 60
            }
          ],
          "thresholds": [],
          "timeFrom": null,
          "timeShift": null,
          "title": "MQ Receive Request details",
          "tooltip": {
            "shared": true,
            "sort": 0,
            "value_type": "individual"
          },
          "type": "graph",
          "xaxis": {
            "buckets": null,
            "mode": "time",
            "name": null,
            "show": true,
            "values": []
          },
          "yaxes": [
            {
              "format": "short",
              "label": null,
              "logBase": 1,
              "max": null,
              "min": null,
              "show": true
            },
            {
              "format": "short",
              "label": null,
              "logBase": 1,
              "max": null,
              "min": null,
              "show": true
            }
          ]
        }
      ],
      "repeat": null,
      "repeatIteration": null,
      "repeatRowId": null,
      "showTitle": false,
      "title": "Dashboard Row",
      "titleSize": "h6"
    },
    {
      "collapse": false,
      "height": 212,
      "panels": [
        {
          "aliasColors": {},
          "bars": false,
          "dashLength": 10,
          "dashes": false,
          "datasource": null,
          "fill": 1,
          "id": 11,
          "legend": {
            "avg": false,
            "current": false,
            "hideZero": true,
            "max": false,
            "min": false,
            "show": true,
            "total": false,
            "values": false
          },
          "lines": true,
          "linewidth": 1,
          "links": [],
          "nullPointMode": "null",
          "percentage": false,
          "pointradius": 5,
          "points": false,
          "renderer": "flot",
          "seriesOverrides": [],
          "spaceLength": 10,
          "span": 4,
          "stack": false,
          "steppedLine": false,
          "targets": [
            {
              "expr": "sum(arangosync_mq_published) by (dc,mqtype,result)",
              "format": "time_series",
              "interval": "",
              "intervalFactor": 2,
              "legendFormat": "DC-{{dc}} {{mqtype}} {{result}}",
              "refId": "A",
              "step": 40
            }
          ],
          "thresholds": [],
          "timeFrom": null,
          "timeShift": null,
          "title": "MQ Publish requests",
          "tooltip": {
            "shared": true,
            "sort": 0,
            "value_type": "individual"
          },
          "type": "graph",
          "xaxis": {
            "buckets": null,
            "mode": "time",
            "name": null,
            "show": true,
            "values": []
          },
          "yaxes": [
            {
              "format": "short",
              "label": null,
              "logBase": 1,
              "max": null,
              "min": null,
              "show": true
            },
            {
              "format": "short",
              "label": null,
              "logBase": 1,
              "max": null,
              "min": null,
              "show": true
            }
          ]
        },
        {
          "aliasColors": {},
          "bars": false,
          "dashLength": 10,
          "dashes": false,
          "datasource": null,
          "fill": 1,
          "id": 12,
          "legend": {
            "avg": false,
            "current": false,
            "hideZero": true,
            "max": false,
            "min": false,
            "show": true,
            "total": false,
            "values": false
          },
          "lines": true,
          "linewidth": 1,
          "links": [],
          "nullPointMode": "null",
          "percentage": false,
          "pointradius": 5,
          "points": false,
          "renderer": "flot",
          "seriesOverrides": [],
          "spaceLength": 10,
          "span": 4,
          "stack": false,
          "steppedLine": false,
          "targets": [
            {
              "expr": "sum(arangosync_mq_publish{result=\"failure\"}) by (dc, detail, mqtype)",
              "format": "time_series",
              "interval": "",
              "intervalFactor": 2,
              "legendFormat": "DC-{{dc}} {{mqtype}} {{detail}}",
              "refId": "A",
              "step": 60
            }
          ],
          "thresholds": [],
          "timeFrom": null,
          "timeShift": null,
          "title": "MQ Publish failures",
          "tooltip": {
            "shared": true,
            "sort": 0,
            "value_type": "individual"
          },
          "type": "graph",
          "xaxis": {
            "buckets": null,
            "mode": "time",
            "name": null,
            "show": true,
            "values": []
          },
          "yaxes": [
            {
              "format": "short",
              "label": null,
              "logBase": 1,
              "max": null,
              "min": null,
              "show": true
            },
            {
              "format": "short",
              "label": null,
              "logBase": 1,
              "max": null,
              "min": null,
              "show": true
            }
          ]
        },
        {
          "aliasColors": {},
          "bars": false,
          "dashLength": 10,
          "dashes": false,
          "datasource": null,
          "fill": 1,
          "id": 13,
          "legend": {
            "avg": false,
            "current": false,
            "hideZero": true,
            "max": false,
            "min": false,
            "show": false,
            "total": false,
            "values": false
          },
          "lines": true,
          "linewidth": 1,
          "links": [],
          "nullPointMode": "null",
          "percentage": false,
          "pointradius": 5,
          "points": false,
          "renderer": "flot",
          "seriesOverrides": [],
          "spaceLength": 10,
          "span": 4,
          "stack": false,
          "steppedLine": false,
          "targets": [
            {
              "expr": "arangosync_mq_published",
              "format": "time_series",
              "interval": "",
              "intervalFactor": 2,
              "legendFormat": "DC-{{dc}} {{type}}-{{instance}} {{mqtype}} {{result}}",
              "refId": "A",
              "step": 60
            }
          ],
          "thresholds": [],
          "timeFrom": null,
          "timeShift": null,
          "title": "MQ Publish Request details",
          "tooltip": {
            "shared": true,
            "sort": 0,
            "value_type": "individual"
          },
          "type": "graph",
          "xaxis": {
            "buckets": null,
            "mode": "time",
            "name": null,
            "show": true,
            "values": []
          },
          "yaxes": [
            {
              "format": "short",
              "label": null,
              "logBase": 1,
              "max": null,
              "min": null,
              "show": true
            },
            {
              "format": "short",
              "label": null,
              "logBase": 1,
              "max": null,
              "min": null,
              "show": true
            }
          ]
        }
      ],
      "repeat": null,
      "repeatIteration": null,
      "repeatRowId": null,
      "showTitle": false,
      "title": "Dashboard Row",
      "titleSize": "h6"
    },
    {
      "collapse": false,
      "height": 250,
      "panels": [
        {
          "aliasColors": {},
          "bars": false,
          "dashLength": 10,
          "dashes": false,
          "datasource": null,
          "fill": 1,
          "id": 14,
          "legend": {
            "avg": false,
            "current": false,
            "hideZero": true,
            "max": false,
            "min": false,
            "show": true,
            "total": false,
            "values": false
          },
          "lines": true,
          "linewidth": 1,
          "links": [],
          "nullPointMode": "null",
          "percentage": false,
          "pointradius": 5,
          "points": false,
          "renderer": "flot",
          "seriesOverrides": [],
          "spaceLength": 10,
          "span": 4,
          "stack": false,
          "steppedLine": false,
          "targets": [
            {
              "expr": "sum(arangosync_mq_subscription) by (dc,mqtype,result)",
              "format": "time_series",
              "interval": "",
              "intervalFactor": 2,
              "legendFormat": "DC-{{dc}} {{mqtype}} {{result}}",
              "refId": "A",
              "step": 40
            }
          ],
          "thresholds": [],
          "timeFrom": null,
          "timeShift": null,
          "title": "MQ Subscribe requests",
          "tooltip": {
            "shared": true,
            "sort": 0,
            "value_type": "individual"
          },
          "type": "graph",
          "xaxis": {
            "buckets": null,
            "mode": "time",
            "name": null,
            "show": true,
            "values": []
          },
          "yaxes": [
            {
              "format": "short",
              "label": null,
              "logBase": 1,
              "max": null,
              "min": null,
              "show": true
            },
            {
              "format": "short",
              "label": null,
              "logBase": 1,
              "max": null,
              "min": null,
              "show": true
            }
          ]
        },
        {
          "aliasColors": {},
          "bars": false,
          "dashLength": 10,
          "dashes": false,
          "datasource": null,
          "fill": 1,
          "id": 15,
          "legend": {
            "avg": false,
            "current": false,
            "hideZero": true,
            "max": false,
            "min": false,
            "show": true,
            "total": false,
            "values": false
          },
          "lines": true,
          "linewidth": 1,
          "links": [],
          "nullPointMode": "null",
          "percentage": false,
          "pointradius": 5,
          "points": false,
          "renderer": "flot",
          "seriesOverrides": [],
          "spaceLength": 10,
          "span": 4,
          "stack": false,
          "steppedLine": false,
          "targets": [
            {
              "expr": "sum(arangosync_mq_subscription{result=\"failure\"}) by (dc, detail, mqtype)",
              "format": "time_series",
              "interval": "",
              "intervalFactor": 2,
              "legendFormat": "DC-{{dc}} {{mqtype}} {{detail}}",
              "refId": "A",
              "step": 60
            }
          ],
          "thresholds": [],
          "timeFrom": null,
          "timeShift": null,
          "title": "MQ Subscribe failures",
          "tooltip": {
            "shared": true,
            "sort": 0,
            "value_type": "individual"
          },
          "type": "graph",
          "xaxis": {
            "buckets": null,
            "mode": "time",
            "name": null,
            "show": true,
            "values": []
          },
          "yaxes": [
            {
              "format": "short",
              "label": null,
              "logBase": 1,
              "max": null,
              "min": null,
              "show": true
            },
            {
              "format": "short",
              "label": null,
              "logBase": 1,
              "max": null,
              "min": null,
              "show": true
            }
          ]
        },
        {
          "aliasColors": {},
          "bars": false,
          "dashLength": 10,
          "dashes": false,
          "datasource": null,
          "fill": 1,
          "id": 16,
          "legend": {
            "avg": false,
            "current": false,
            "hideZero": true,
            "max": false,
            "min": false,
            "show": false,
            "total": false,
            "values": false
          },
          "lines": true,
          "linewidth": 1,
          "links": [],
          "nullPointMode": "null",
          "percentage": false,
          "pointradius": 5,
          "points": false,
          "renderer": "flot",
          "seriesOverrides": [],
          "spaceLength": 10,
          "span": 4,
          "stack": false,
          "steppedLine": false,
          "targets": [
            {
              "expr": "arangosync_mq_subscription",
              "format": "time_series",
              "interval": "",
              "intervalFactor": 2,
              "legendFormat": "DC-{{dc}} {{type}}-{{instance}} {{mqtype}} {{result}}",
              "refId": "A",
              "step": 60
            }
          ],
          "thresholds": [],
          "timeFrom": null,
          "timeShift": null,
          "title": "MQ Subscribe Request details",
          "tooltip": {
            "shared": true,
            "sort": 0,
            "value_type": "individual"
          },
          "type": "graph",
          "xaxis": {
            "buckets": null,
            "mode": "time",
            "name": null,
            "show": true,
            "values": []
          },
          "yaxes": [
            {
              "format": "short",
              "label": null,
              "logBase": 1,
              "max": null,
              "min": null,
              "show": true
            },
            {
              "format": "short",
              "label": null,
              "logBase": 1,
              "max": null,
              "min": null,
              "show": true
            }
          ]
        }
      ],
      "repeat": null,
      "repeatIteration": null,
      "repeatRowId": null,
      "showTitle": false,
      "title": "Dashboard Row",
      "titleSize": "h6"
    },
    {
      "collapse": false,
      "height": 212,
      "panels": [
        {
          "aliasColors": {},
          "bars": false,
          "dashLength": 10,
          "dashes": false,
          "datasource": null,
          "fill": 1,
          "id": 1,
          "legend": {
            "avg": false,
            "current": false,
            "hideZero": true,
            "max": false,
            "min": false,
            "show": true,
            "total": false,
            "values": false
          },
          "lines": true,
          "linewidth": 1,
          "links": [],
          "nullPointMode": "null",
          "percentage": false,
          "pointradius": 5,
          "points": false,
          "renderer": "flot",
          "seriesOverrides": [],
          "spaceLength": 10,
          "span": 4,
          "stack": false,
          "steppedLine": false,
          "targets": [
            {
              "expr": "sum(arangosync_mq_connect) by (dc,mqtype,result)",
              "format": "time_series",
              "interval": "",
              "intervalFactor": 2,
              "legendFormat": "DC-{{dc}} {{mqtype}} {{result}}",
              "refId": "A",
              "step": 60
            }
          ],
          "thresholds": [],
          "timeFrom": null,
          "timeShift": null,
          "title": "MQ Connect requests",
          "tooltip": {
            "shared": true,
            "sort": 0,
            "value_type": "individual"
          },
          "type": "graph",
          "xaxis": {
            "buckets": null,
            "mode": "time",
            "name": null,
            "show": true,
            "values": []
          },
          "yaxes": [
            {
              "format": "short",
              "label": null,
              "logBase": 1,
              "max": null,
              "min": null,
              "show": true
            },
            {
              "format": "short",
              "label": null,
              "logBase": 1,
              "max": null,
              "min": null,
              "show": true
            }
          ]
        },
        {
          "aliasColors": {},
          "bars": false,
          "dashLength": 10,
          "dashes": false,
          "datasource": null,
          "fill": 1,
          "id": 6,
          "legend": {
            "avg": false,
            "current": false,
            "hideZero": true,
            "max": false,
            "min": false,
            "show": true,
            "total": false,
            "values": false
          },
          "lines": true,
          "linewidth": 1,
          "links": [],
          "nullPointMode": "null",
          "percentage": false,
          "pointradius": 5,
          "points": false,
          "renderer": "flot",
          "seriesOverrides": [],
          "spaceLength": 10,
          "span": 4,
          "stack": false,
          "steppedLine": false,
          "targets": [
            {
              "expr": "sum(arangosync_mq_connect{result=\"failure\"}) by (dc, detail, mqtype)",
              "format": "time_series",
              "interval": "",
              "intervalFactor": 2,
              "legendFormat": "DC-{{dc}} {{mqtype}} {{detail}}",
              "refId": "A",
              "step": 60
            }
          ],
          "thresholds": [],
          "timeFrom": null,
          "timeShift": null,
          "title": "MQ Connect failures",
          "tooltip": {
            "shared": true,
            "sort": 0,
            "value_type": "individual"
          },
          "type": "graph",
          "xaxis": {
            "buckets": null,
            "mode": "time",
            "name": null,
            "show": true,
            "values": []
          },
          "yaxes": [
            {
              "format": "short",
              "label": null,
              "logBase": 1,
              "max": null,
              "min": null,
              "show": true
            },
            {
              "format": "short",
              "label": null,
              "logBase": 1,
              "max": null,
              "min": null,
              "show": true
            }
          ]
        },
        {
          "aliasColors": {},
          "bars": false,
          "dashLength": 10,
          "dashes": false,
          "datasource": null,
          "fill": 1,
          "id": 7,
          "legend": {
            "avg": false,
            "current": false,
            "hideZero": true,
            "max": false,
            "min": false,
            "show": false,
            "total": false,
            "values": false
          },
          "lines": true,
          "linewidth": 1,
          "links": [],
          "nullPointMode": "null",
          "percentage": false,
          "pointradius": 5,
          "points": false,
          "renderer": "flot",
          "seriesOverrides": [],
          "spaceLength": 10,
          "span": 4,
          "stack": false,
          "steppedLine": false,
          "targets": [
            {
              "expr": "arangosync_mq_connect",
              "format": "time_series",
              "interval": "",
              "intervalFactor": 2,
              "legendFormat": "DC-{{dc}} {{type}}-{{instance}} {{mqtype}} {{result}}",
              "refId": "A",
              "step": 60
            }
          ],
          "thresholds": [],
          "timeFrom": null,
          "timeShift": null,
          "title": "MQ Connect Request details",
          "tooltip": {
            "shared": true,
            "sort": 0,
            "value_type": "individual"
          },
          "type": "graph",
          "xaxis": {
            "buckets": null,
            "mode": "time",
            "name": null,
            "show": true,
            "values": []
          },
          "yaxes": [
            {
              "format": "short",
              "label": null,
              "logBase": 1,
              "max": null,
              "min": null,
              "show": true
            },
            {
              "format": "short",
              "label": null,
              "logBase": 1,
              "max": null,
              "min": null,
              "show": true
            }
          ]
        }
      ],
      "repeat": null,
      "repeatIteration": null,
      "repeatRowId": null,
      "showTitle": false,
      "title": "Dashboard Row",
      "titleSize": "h6"
    },
    {
      "collapse": false,
      "height": 250,
      "panels": [
        {
          "aliasColors": {},
          "bars": false,
          "dashLength": 10,
          "dashes": false,
          "datasource": null,
          "fill": 1,
          "id": 8,
          "legend": {
            "avg": false,
            "current": false,
            "hideZero": true,
            "max": false,
            "min": false,
            "show": true,
            "total": false,
            "values": false
          },
          "lines": true,
          "linewidth": 1,
          "links": [],
          "nullPointMode": "null",
          "percentage": false,
          "pointradius": 5,
          "points": false,
          "renderer": "flot",
          "seriesOverrides": [],
          "spaceLength": 10,
          "span": 4,
          "stack": false,
          "steppedLine": false,
          "targets": [
            {
              "expr": "sum(arangosync_mq_close) by (dc,mqtype,result)",
              "format": "time_series",
              "interval": "",
              "intervalFactor": 2,
              "legendFormat": "DC-{{dc}} {{mqtype}} {{result}}",
              "refId": "A",
              "step": 60
            }
          ],
          "thresholds": [],
          "timeFrom": null,
          "timeShift": null,
          "title": "MQ Close requests",
          "tooltip": {
            "shared": true,
            "sort": 0,
            "value_type": "individual"
          },
          "type": "graph",
          "xaxis": {
            "buckets": null,
            "mode": "time",
            "name": null,
            "show": true,
            "values": []
          },
          "yaxes": [
            {
              "format": "short",
              "label": null,
              "logBase": 1,
              "max": null,
              "min": null,
              "show": true
            },
            {
              "format": "short",
              "label": null,
              "logBase": 1,
              "max": null,
              "min": null,
              "show": true
            }
          ]
        },
        {
          "aliasColors": {},
          "bars": false,
          "dashLength": 10,
          "dashes": false,
          "datasource": null,
          "fill": 1,
          "id": 9,
          "legend": {
            "avg": false,
            "current": false,
            "hideZero": true,
            "max": false,
            "min": false,
            "show": true,
            "total": false,
            "values": false
          },
          "lines": true,
          "linewidth": 1,
          "links": [],
          "nullPointMode": "null",
          "percentage": false,
          "pointradius": 5,
          "points": false,
          "renderer": "flot",
          "seriesOverrides": [],
          "spaceLength": 10,
          "span": 4,
          "stack": false,
          "steppedLine": false,
          "targets": [
            {
              "expr": "sum(arangosync_mq_close{result=\"failure\"}) by (dc, detail, mqtype)",
              "format": "time_series",
              "interval": "",
              "intervalFactor": 2,
              "legendFormat": "DC-{{dc}} {{mqtype}} {{detail}}",
              "refId": "A",
              "step": 60
            }
          ],
          "thresholds": [],
          "timeFrom": null,
          "timeShift": null,
          "title": "MQ Close failures",
          "tooltip": {
            "shared": true,
            "sort": 0,
            "value_type": "individual"
          },
          "type": "graph",
          "xaxis": {
            "buckets": null,
            "mode": "time",
            "name": null,
            "show": true,
            "values": []
          },
          "yaxes": [
            {
              "format": "short",
              "label": null,
              "logBase": 1,
              "max": null,
              "min": null,
              "show": true
            },
            {
              "format": "short",
              "label": null,
              "logBase": 1,
              "max": null,
              "min": null,
              "show": true
            }
          ]
        },
        {
          "aliasColors": {},
          "bars": false,
          "dashLength": 10,
          "dashes": false,
          "datasource": null,
          "fill": 1,
          "id": 10,
          "legend": {
            "avg": false,
            "current": false,
            "hideZero": true,
            "max": false,
            "min": false,
            "show": false,
            "total": false,
            "values": false
          },
          "lines": true,
          "linewidth": 1,
          "links": [],
          "nullPointMode": "null",
          "percentage": false,
          "pointradius": 5,
          "points": false,
          "renderer": "flot",
          "seriesOverrides": [],
          "spaceLength": 10,
          "span": 4,
          "stack": false,
          "steppedLine": false,
          "targets": [
            {
              "expr": "arangosync_mq_close",
              "format": "time_series",
              "interval": "",
              "intervalFactor": 2,
              "legendFormat": "DC-{{dc}} {{type}}-{{instance}} {{mqtype}} {{result}}",
              "refId": "A",
              "step": 60
            }
          ],
          "thresholds": [],
          "timeFrom": null,
          "timeShift": null,
          "title": "MQ Close Request details",
          "tooltip": {
            "shared": true,
            "sort": 0,
            "value_type": "individual"
          },
          "type": "graph",
          "xaxis": {
            "buckets": null,
            "mode": "time",
            "name": null,
            "show": true,
            "values": []
          },
          "yaxes": [
            {
              "format": "short",
              "label": null,
              "logBase": 1,
              "max": null,
              "min": null,
              "show": true
            },
            {
              "format": "short",
              "label": null,
              "logBase": 1,
              "max": null,
              "min": null,
              "show": true
            }
          ]
        }
      ],
      "repeat": null,
      "repeatIteration": null,
      "repeatRowId": null,
      "showTitle": false,
      "title": "Dashboard Row",
      "titleSize": "h6"
    }
  ],
  "schemaVersion": 14,
  "style": "dark",
  "tags": [],
  "templating": {
    "list": []
  },
  "time": {
    "from": "now-6h",
    "to": "now"
  },
  "timepicker": {
    "refresh_intervals": [
      "5s",
      "10s",
      "30s",
      "1m",
      "5m",
      "15m",
      "30m",
      "1h",
      "2h",
      "1d"
    ],
    "time_options": [
      "5m",
      "15m",
      "1h",
      "6h",
      "12h",
      "24h",
      "2d",
      "7d",
      "30d"
    ]
  },
  "timezone": "",
  "title": "MQ Internals",
  "version": 4
}